track_id,artist,track_name,duration_ms,danceability,energy,key,loudness,mode,speechiness,acousticness,instrumentalness,liveness,valence,tempo,lyrics
09mEdoA6zrmBPgTEN5qXmN,The Weeknd,Call Out My Name,228373,0.461,0.593,1,-4.954,1,0.0356,0.17,0.0,0.307,0.175,134.17," We found each other I helped you out of a broken place You gave me comfort But falling for you was my mistake  I put you on top, I put you on top I claimed you so proud and openly And when times were rough, when times were rough I made sure I held you close to me  So call out my name (Call out my name) Call out my name when I kiss you so gently I want you to stay (Want you to stay) I want you to stay even though you don't want me Girl, why can't you wait? (Why can't you wait, baby?) Girl, why can't you wait 'til I fall out of love? Won't you call out my name? (Call out my name) Girl, call out my name, and I'll be on my way and I'll be on my—  I said I didn't feel nothing, baby, but I lied I almost cut a piece of myself for your life Guess I was just another pit stop 'Til you made up your mind You just wasted my time"
2FY7b99s15jUprqC0M5NCT,Imagine Dragons,Natural,189466,0.704,0.611,2,-6.112,1,0.0409,0.217,0.0,0.0812,0.22,100.0," Will you hold the line When every one of them has given up and given in? Tell me In this house of mine Nothing ever comes without a consequence or cost, tell me Will the stars align? Will Heaven step in? Will it save us from our sin? Will it? 'Cause this house of mine stands strong  That's the price you pay Leave behind your heart and cast away Just another product of today Rather be the hunter than the prey And you're standing on the edge, face up 'cause you're a  Natural A beating heart of stone You gotta be so cold To make it in this world Yeah, you're a natural Living your life cutthroat You gotta be so cold Yeah, you're a natural"
6DCZcSspjsKoFjzjrWoCdn,Drake,God's Plan,198973,0.754,0.449,7,-9.211,1,0.109,0.0332,8.29e-05,0.552,0.357,77.169," And they wishin' and wishin' And wishin' and wishin', they wishin' on me Yeah  I been movin' calm, don't start no trouble with me Tryna keep it peaceful is a struggle for me Don't pull up at 6 AM to cuddle with me You know how I like it when you lovin' on me I don't wanna die for them to miss me Yes, I see the things that they wishin' on me Hope I got some brothers that outlive me They gon' tell the story, shit was different with me  God's plan, God's plan I hold back, sometimes I won't, yeah I feel good, sometimes I don't (Ayy, don't) I finessed down Weston Road (Ayy, 'nessed) Might go down a G-O-D (Yeah, wait) I go hard on Southside G (Yeah, wait) I make sure that north-side eat And still  Bad things It's a lot of bad things that they wishin' and wishin' And wishin' and wishin', they wishin' on me Bad things It's a lot of bad things that they wishin' and wishin' And wishin' and wishin', they wishin' on me Yeah, ayy, ayy"
6NFyWDv5CjfwuzoCkw47Xf,Taylor Swift,Delicate,232253,0.75,0.404,9,-10.178,0,0.0682,0.216,0.000357,0.0911,0.0499,95.045," This ain't for the best My reputation's never been worse, so You must like me for me We can't make Any promises now, can we, babe? But you can make me a drink  Dive bar on the East Side, where you at? Phone lights up my nightstand in the black Come here, you can meet me in the back Dark jeans and your Nikes, look at you Oh, damn, never seen that color blue Just think of the fun things we could do  ('Cause I like you) This ain't for the best My reputation's never been worse, so You must like me for me (Yeah, I want you) We can't make Any promises now, can we, babe? But you can make me a drink  Is it cool that I said all that? Is it chill that you're in my head? 'Cause I know that it's delicate (Delicate) Is it cool that I said all that? Is it too soon to do this yet? 'Cause I know that it's delicate"
2xLMifQCjDGFmkHkpNLD9h,Travis Scott,SICKO MODE,312820,0.834,0.73,8,-3.714,1,0.222,0.00513,0.0,0.124,0.446,155.008,"  Astro, yeah  Sun is down, freezin' cold That's how we already know, winter's here My dawg would probably do it for a Louis belt That's just all he know, he don't know nothin' else I tried to show 'em, yeah I tried to show 'em, yeah, yeah Yeah, yeah, yeah Goin' on you with the pick and roll Young La Flame, he in sicko mode  [Verse 2: Travis Scott &  The Notorious B.I.G . ] (Woo) Made this here with all the ice on in the booth At the gate outside, when they pull up, they get me loose Yeah, Jump Out boys, that's Nike boys, hoppin' out coupes This shit way too big, when we pull up, give me the loot ( Gimme the loot! ) Was off the Remy, had a Papoose Had to hit my old town to duck the news Two-four hour lockdown, we made no moves Now it's 4 AM and I'm back up poppin' with the crew I just landed in, Chase B mixes pop like Jamba Juice Different colored chains, think my jeweler really sellin' fruits And they chokin', man, know the crackers wish it was a noose"
285pBltuF7vW8TeWk8hdRR,Juice WRLD,Lucid Dreams,239835,0.511,0.566,6,-7.23,0,0.2,0.349,0.0,0.34,0.218,83.903," Enviyon on the mix No, no, no, no No-no, no, no, no No, no, no, no, no No, no, no, no  I still see your shadows in my room Can't take back the love that I gave you It's to the point where I love and I hate you And I cannot change you, so I must replace you, oh Easier said than done, I thought you were the one Listenin' to my heart instead of my head You found another one, but I am the better one I won't let you forget me I still see your shadows in my room Can't take back the love that I gave you It's to the point where I love and I hate you And I cannot change you, so I must replace you, oh Easier said than done, I thought you were the one Listenin' to my heart instead of my head You found another one, but I am the better one I won't let you forget me  You left me falling and landing inside my grave I know that you want me dead I take prescriptions to make me feel a-okay I know it's all in my head I have these lucid dreams where I can't move a thing Thinking of you in my bed You were my everything Thoughts of a wedding ring Now I'm just better off dead (Uh, uh, uh) I'll do it over again I didn't want it to end I watch it blow in the wind I should've listened to my friends Leave this shit in the past, but I want it to last You were made outta plastic, fake I was tangled up in your drastic ways Who knew evil girls had the prettiest face? You gave me a heart that was full of mistakes I gave you my heart and you made heartbreak"
0JP9xo3adEtGSdUEISiszL,XXXTENTACION,Moonlight,135090,0.921,0.537,9,-5.723,0,0.0804,0.556,0.00404,0.102,0.711,128.009," Yeah  Spotlight, uh, moonlight, uh Nigga, why you trippin'? Get your mood right, uh Shawty look good in the moonlight All these pussy niggas so bad mind Spotlight, moonlight Nigga, why you trippin'? Get your mood right Shawty look good in the moonlight All these pussy niggas so bad mind Spotlight, uh, moonlight Nigga, why you trippin'? Get your mood right, uh Shawty look good in the moonlight All these pussy niggas so bad mind Spotlight, moonlight Nigga, why you trippin'? Get your mood right Shawty look good in the moonlight All these pussy niggas so bad mind  Feel like I'm destined I don't need no Smith & Wesson, no Boy, who you testin'? Fuck a Scantron, here's your lesson, oh Knife in intestine Takin' shots at all your brethren, no Feel like I'm damaged Girl I know you fucking planned this"
0EcQcdcbQeVJn9fknj44Be,Lauv,I Like Me Better,197436,0.753,0.505,9,-7.621,1,0.255,0.534,2.58e-06,0.104,0.419,91.972," To be young and in love in New York City To not know who I am but still know that I'm good long as you're here with me To be drunk and in love in New York City Midnight into morning coffee, burnin' through the hours talking Damn  I like me better when I'm with you I like me better when I'm with you I knew from the first time, I'd stay for a long time, 'cause I like me better when, I like me better when I'm with you  I don't know what it is but I got that feelin' Wakin' up in this bed next to you swear the room, yeah, it got no ceiling If we lay, let the day just pass us by I might get to too much talking, I might have to tell you somethin' Damn  I like me better when I'm with you I like me better when I'm with you I knew from the first time, I'd stay for a long time, 'cause I like me better when, I like me better when I'm with you"
2BgEsaKNfHUdlh97KmvFyo,Anne-Marie,2002,186986,0.697,0.683,1,-2.881,0,0.117,0.0372,0.0,0.137,0.603,96.133," I will always remember The day you kissed my lips Light as a feather And it went just like this No, it's never been better than the summer Of 2002 (Ooh)  We were only eleven But acting like grown-ups Like we are in the present Drinking from plastic cups Singing, ""Love is forever and ever"" Well, I guess that was true (Ooh)  Dancin' on the hood in the middle of the woods On an old Mustang where we sang Songs with all our childhood friends And it went like this, say  Oops, I got 99 problems, singin' ""bye, bye, bye"" Hold up, if you wanna go and take a ride with me Better hit me, baby, one more time, uh Paint a picture for you and me On the days when we were young, uh Singin' at the top of both our lungs"
52okn5MNA47tk87PeZJLEL,NF,Let You Down,212120,0.662,0.714,5,-5.68,0,0.121,0.312,0.0,0.179,0.464,147.997," Feels like we're on the edge right now I wish that I could say I'm proud I'm sorry that I let you down Let you down All these voices in my head get loud I wish that I could shut them out I'm sorry that I let you down Le-le-let you down  Yeah, I guess I'm a disappointment, doin' everything I can I don't wanna make you disappointed, it's annoying I just wanna make you feel like everything I ever do Was never tryna make an issue for you, but I guess the more you Thought about everything you were never even wrong In the first place, right? Yeah, I'ma just ignore you Walking towards you with my head down Lookin' at the ground, I'm embarrassed for you Paranoia, what did I do wrong this time? That's parents for you Very loyal? Shoulda had my back But you put a knife in it´, my hands are full What else should I carry for you? I cared for you, but"
7vGuf3Y35N4wmASOKLUVVU,Marshmello,Silence,180822,0.52,0.761,4,-3.093,1,0.0853,0.256,4.96e-06,0.17,0.286,141.971," Yeah, I'd rather be a lover than a fighter  (Fighter) 'Cause all my life, I've been fighting Never felt a feeling of comfort, oh And all this time, I've been hiding And I never had someone to call my own, oh nah I'm so used to sharing Love only left me alone But I'm at one with the silence  I found peace in your violence Can't tell me there's no point in trying I'm at one and I've been quiet for too long I found peace in your violence Can't tell me there's no point in trying I'm at one and I've been silent for too long  I've been quiet for too long I've been quiet for too long I found peace in your violence Can't tell me there's no point in trying I'm at one and I've been quiet for too long  I'm in need of a savior (Savior), but I'm not asking for favors My whole life, I've felt like a burden I think too much, and I hate it I'm so used to being in the wrong, I'm tired of caring Loving never gave me a home, so I'll sit here in the silence"
76cy1WJvNGJTj78UqeA5zr,Dua Lipa,IDGAF,217946,0.836,0.544,7,-5.975,1,0.0943,0.0403,0.0,0.0824,0.51,97.028," You call me all friendly Tellin' me how much you miss me That's funny, I guess you've heard my songs Well, I'm too busy for your business Go find a girl who wants to listen 'Cause if you think I was born yesterday, you have got me wrong  So I cut you off I don't need your love 'Cause I already cried enough I've been done I've been movin' on since we said goodbye I cut you off I don't need your love So you can try all you want Your time is up, I'll tell you why  You say you're sorry, but it's too late now So save it, get gone, shut up 'Cause if you think I care about you now Well, boy, I don't give a fuck  I remember that weekend When my best friend caught you creepin' You blamed it all on the alcohol So, I made my decision 'Cause you made your bed, sleep in it Play the victim and switch your position I'm through, I'm done"
21RzyxY3EFaxVy6K4RqaU9,Loud Luxury,Body,163216,0.752,0.764,1,-4.399,1,0.038,0.0476,9.44e-05,0.0543,0.582,121.958," Babe, don't make a sound 2 AM love, gotta keep it down (Keep it down) Don't wait around for a signal now Gimme some verbs, I ain't talkin' nouns (I'm naughty) You wanna ride in the Six You wanna dine in the Six (Dine in the Six) But when I lean for the kiss You said I'll probably send you some pics And I'm like  Hell nah, been waitin' too long (I've been waitin') Hell nah, I want that crew love (Come here, baby) Hell nah, been waitin' too long (I've been waitin') Hell nah, I want that crew love  Body on my, losin' all my innocence, yeah Body on my, grindin' on my innocence, yeah Body on my, losin' all my innocence, yeah Body on my, grindin' on my innocence, yeah Body on my, losin' all my innocence, yeah Body on my, grindin' on my innocence, yeah Body on my, losin' all my innocence, yeah Body on my, grindin' on my innocence, yeah"
3ee8Jmje8o58CHK66QrVC2,XXXTENTACION,SAD!,166605,0.74,0.613,8,-4.88,1,0.145,0.258,0.00372,0.123,0.473,75.023," Yeah  Who am I? Someone that's afraid to let go, uh You decide if you're ever gonna let me know (Yeah) Suicide if you ever try to let go, uh I'm sad, I know, yeah, I'm sad, I know, yeah Who am I? Someone that's afraid to let go, uh You decide if you're ever gonna let me know (Yeah) Suicide if you ever try to let go, uh I'm sad, I know, yeah, I'm sad, I know, yeah  I gave her everything She took my heart and left me lonely I think broken heart's contagious I won't fix, I'd rather weep I'm lost then I'm found But it's torture bein' in love I love when you're around But I fuckin' hate when you leave  Who am I? Someone that's afraid to let go, uh You decide if you're ever gonna let me know (Yeah) Suicide if you ever try to let go, uh I'm sad, I know, yeah, I'm sad, I know, yeah Who am I? Someone that's afraid to let go, uh You decide if you're ever gonna let me know (Yeah) Suicide if you ever try to let go, uh I'm sad, I know, yeah, I'm sad, I know, yeah"
7dt6x5M1jzdTEt8oCbisTK,Post Malone,Better Now,231266,0.68,0.578,10,-5.804,1,0.04,0.331,0.0,0.135,0.341,145.038," You prolly think that you are better now, better now You only say that 'cause I'm not around, not around You know I never meant to let you down, let you down Woulda gave you anything, woulda gave you everything You know I say that I am better now, better now I only say that 'cause you're not around, not around You know I never meant to let you down, let you down Woulda gave you anything, woulda gave you everything Oh-oh  I did not believe that it would end, no Everything came second to the Benzo You're not even speakin' to my friends, no You knew all my uncles and my aunts though Twenty candles, blow 'em out and open your eyes We were lookin' forward to the rest of our lives Used to keep my picture posted by your bedside Now it's in your dresser with the socks you don't like And I'm rollin', rollin', rollin', rollin' With my brothers like it's Jonas, Jonas Drinkin' Henny and I'm tryna forget But I can't get this shit outta my head  You prolly think that you are better now, better now You only say that 'cause I'm not around, not around You know I never meant to let you down, let you down Woulda gave you anything, woulda gave you everything You know I say that I am better now, better now I only say that 'cause you're not around, not around You know I never meant to let you down, let you down Woulda gave you anything, woulda gave you everything Oh-oh"
0TlLq3lA83rQOYtrqBqSct,Drake,Nonstop,238614,0.912,0.412,7,-8.074,1,0.123,0.0165,0.0126,0.104,0.423,154.983," Tay Keith, fuck these niggas up!  Look, I just flipped a switch (Flipped, flipped) I don't know nobody else that's doin' this Bodies start to drop, ayy (Hit the floor) Now they wanna know me since I hit the top, ayy This a Rollie, not a stopwatch, shit don't ever stop This the flow that got the block hot, shit got super hot, ayy Give me my respect (Give me my respect) I just took it left like I'm ambidex' Bitch, I move through London with the Eurostep (Two) Got a sneaker deal and I ain't break a sweat Catch me 'cause I'm gone (Outta there, I’m gone) How I go from 6 to 23 like I'm LeBron? Servin' up a pack (Servin' up a pack) Niggas pullin' gimmicks 'cause they scared to rap, ayy Funny how they shook, ayy, got these niggas shook Pullin' back the curtain by myself, take a look , ayy I'm a bar spitta, I’m a hard hitta Yeah I’m light-skinned, but I'm still a dark nigga I'm a wig splitta, I'm a tall figure I'm an unforgivin' wild-ass dog nigga Somethin' wrong with 'em, got 'em all bitter I'm a bill printer, I'm a gravedigger Yeah, I am what I am I don't have no time for no misunderstandings again"
1j6xOGusnyXq3l6IryKF3G,Piso 21,Déjala Que Vuelva,220116,0.681,0.788,1,-4.323,1,0.0785,0.0482,0.0,0.0753,0.839,170.019," [Intro: Manuel Turizo &  Piso 21 ] I-I-ICON Déjala que vuelva Ay, ya-ya  ¿Cómo podrás respirar, cuando te falte mi piel? Si fuiste tú quien se alejó Pero esta vez no me dolió, baby (No me dolió) No quiero verte llorar por mí Entiendo, no sabes perder Aunque esta vez [Verso 1: Manuel Turizo &  Piso 21 ] No va a ser tan fácil Yo te lo juro no va a ser tan fácil ( No va a ser tan fácil ) Lo hiciste difícil La tengo clara, si preguntan por ti diré ( Ah-ah-ah ) [Coro: Piso 21 &  Manuel Turizo ] Volverá, como la primera vez (-ra vez) Déjala que vuelva (Yeh) Ella conoce solita el camino conmigo Volverá, como la primera vez Déjala que vuelva Ella conoce solita el camino conmigo"
3EPXxR3ImUwfayaurPi3cm,Dean Lewis,Be Alright,196373,0.553,0.586,11,-6.319,1,0.0362,0.697,0.0,0.0813,0.443,126.684," I look up from the ground To see your sad and teary eyes You look away from me And I see there's something you're trying to hide And I reach for your hand but it's cold You pull away again And I wonder what's on your mind And then you say to me you made a dumb mistake You start to tremble and your voice begins to break You say the cigarettes on the counter weren't your friend's They were my mate's And I feel the colour draining from my face  And my friend said ""I know you love her, but it's over, mate It doesn't matter, put the phone away It's never easy to walk away, let her go It'll be alright""  So I still look back at all the messages you'd sent And I know it wasn't right, but it was fucking with my head And everything deleted like the past, yeah, it was gone And when I touched your face, I could tell you're moving on But it's not the fact that you kissed him yesterday It's the feeling of betrayal, that I just can't seem to shake And everything I know tells me that I should walk away But I just wanna stay"
1xzBco0xcoJEDXktl7Jxrr,Sheck Wes,Mo Bamba,183906,0.729,0.625,4,-5.266,1,0.0315,0.194,0.00986,0.248,0.261,146.034," 16yrold Bitch Daytrip took it to 10  I got hoes Callin' a young nigga phone (Ring, ring) Where's Ali with the mothafuckin' dope? (Bitch, bitch) I be ballin' like a mothafuckin' pro (Like a, huh, like a, huh) I be ballin' like my nigga Mo (Bamba, bitch) Sheck Wes, I ain't a mothafuckin' joke (Haha, hahahahaha) Steph Wes, stay with the fuckin' pole (Pa, pa, pa-pa) You fuck around and get poled (You get poled, bitch) 'Cause I got hoes (So many fuckin' hoes) Callin' a young nigga phone (Ring-ring, ring, ring-ring, ring, ring-ring) Where's Ali with the (Bitch with the) mothafuckin' dope? (Huh) I be ballin' like a mothafuckin' pro (Like a mothafuckin' pro) I be ballin' like my nigga Mo (Bamba, Bamba) Sheck Wes got so many flows (I do it all) Call me Drake, how a nigga contro—  Oh, fuck, shit, bitch (Huh) Young Sheck Wes and I'm gettin' really rich (Ching-ching) See how I caught it 'cause I'm really with the shits (Ping-ping) See me in the streets and I be really with a (Cling, cling), with a Bad bitch (Bitch), niggas straight rockin' (Rock) Niggas straight see me, when they see me, they be coppin' (What?) I'm the best drug dealer, nigga, come and cop it  (Got it) Young Sheck Wes, I'm like the fuckin' Green Goblin (Hahahaha)"
3CA9pLiwRIGtUBiMjbZmRw,Drake,Nice For What,210746,0.585,0.909,8,-6.474,1,0.0707,0.0891,9.7e-05,0.119,0.758,93.372,"[Intro: Big Freedia &  Lauryn Hill ] I wanna know who mothafuckin' representin' in here tonight Hold on, hold on I keep lettin' you back in  ( You back in ) How can I explain myself? [Chorus: Lauryn Hill &  Drake ] Care for me, care for me, you said you'd care for me There for me, there for me, said you'd be there for me (Lil Weezyana shit) Cry for me, cry for me, you said you'd die for me (Murda on the beat) Give to me, give to me, why won't you live for me? Care for me, care for me, I know you care for me (A song for y'all to cut up to, you know?) There for me, there for me, said you'd be there for me  (Yeah) Cry for me, cry for me, you said you'd die for me Give to me, give to me, why won't you live for me?  Everybody get your mothafuckin' roll on I know shorty and she doesn't want no slow song Had a man last year, life goes on Haven't let that thing loose, girl, in so long You've been inside, know you like to lay low I've been peepin' what you bringin' to the table Workin' hard, girl, everything paid for First-last, phone bill, car note, cable With your phone out, gotta hit them angles With your phone out, snappin' like you Fabo And you showin' off, but it's alright And you showin' off, but it's alright ( Alright! ) It's a short life, yeah"
63SevszngYpZOwf63o61K4,Dennis Lloyd,Nevermind,156600,0.6,0.688,5,-8.339,0,0.201,0.159,1.29e-05,0.409,0.0793,99.977," What if I left and it made no sense And you tell your friends And they hold your hands Baby, never mind, never mind What if I left and it made no sense And you tell your friends And they hold your hands Baby, never mind, never mind  Alright, I'm ready now, ready now I ain't gonna, I ain't gonna fall back down, no Alright, I'll take it on, take it on me Take it on me, hmm, baby All I, I ever ask, ever ask Are you gonna, are you gonna be my lover? Tonight, and take it with, take it with me Take it with me  What if I left and it made no sense And you tell your friends And they hold your hands Baby, never mind, never mind Never mind, never mind What if I left and it made no sense And you tell your friends And they hold your hands Baby, never mind, never mind Never mind, never mind What if I left and it made no sense And you tell your friends And they hold your hands Baby, never mind, never mind Never mind, never mind What if I left and it made no sense And you tell your friends And they hold your hands Baby, never mind, never mind Never mind, never mind"
3swc6WTsr7rl9DqQKQA55C,Post Malone,Psycho,221440,0.75,0.56,8,-8.094,1,0.105,0.546,0.0,0.111,0.459,140.06," Damn, my AP goin' psycho, lil' mama bad like Michael Can't really trust nobody with all this jewelry on you My roof look like a no-show, got diamonds by the boatload Come with the Tony Romo for clowns and all the bozos My AP goin' psycho, lil' mama bad like Michael Can't really trust nobody with all this jewelry on you My roof look like a no-show, got diamonds by the boatload Don't act like you my friend when I'm rollin' through my ends, though  You stuck in the friend zone, I tell that four-five the fifth, ayy Hunnid bands inside my shorts, DeChino the shit, ayy Try to stuff it all in, but it don't even fit, ayy Know that I been with the shits ever since a jit, ayy I made my first million, I'm like, ""Shit, this is it,"" ayy 30 for a walkthrough, man, we had that bitch lit, ayy Had so many bottles, gave ugly girl a sip Out the window of the Benzo, we get seen in the rent' And I'm like ""Woah, man, my neck so goddamn cold” Diamonds wet, my t-shirt soaked I got homies, let it go, oh My money thick, won't ever fold She said, ""Can I have some to hold?"" And I can't ever tell you no"
5bJ1DrEM4hNCafcDd1oxHx,Mac Miller,Self Care,345133,0.52,0.538,1,-8.109,1,0.206,0.367,0.00187,0.119,0.177,141.894,"  Mhm, mhm Okay It don't work, it don't work It don't work, it don't work Yeah, yeah, yeah, yeah It don't work, it don't work Yeah, yeah, yeah It don't work, it don't work Dollars  I switched the time zone, but what do I know? Spendin' nights hitchhikin', where will I go? I could fly home, with my eyes closed But it'd get kinda hard to see, that's no surprise though And you could find me, I ain't hidin' I don't move my feet when I be glidin' I just slide in and then I roll out [Verse 1: Mac Miller &  JID ] Yep Well, climbin' over that wall ( Yeah, wall, wall ), mm I remember, yes, I remember, yes, I remember it all Swear the height be too tall ( Yeah ), so like September I fall (Down, down, down) Down below Now I know that the medicine be on call, yeah ( Gimme, gimme, gimme ) When it's feelin' like you hot enough to melt, yeah (Melt, yeah) Can't trust no one, can't even trust yourself, yeah (-Self, yeah) And I love you, I don't love nobody else, yeah (Else, yeah)"
4ofwffwvvnbSkrMSCKQDaC,George Ezra,Shotgun,201287,0.673,0.735,5,-4.733,1,0.0457,0.286,0.0,0.242,0.754,115.744," Home grown alligator, see you later Gotta hit the road, gotta hit the road Something changed in the atmosphere Architecture unfamiliar I could get used to this  Time flies by in the yellow and green Stick around and you'll see what I mean There's a mountain-top that I'm dreamin' of If you need me you know where I'll be  I'll be ridin' shotgun underneath the hot sun Feelin' like a someone I'll be ridin' shotgun underneath the hot sun Feelin' like a someone  South of the Equator, navigator Gotta hit the road, gotta hit the road Deep sea divin' 'round the clock Bikini bottoms, lager tops I could get used to this"
2UVbBKQOdFAekPTRsnkzcf,Migos,Stir Fry,190288,0.817,0.816,2,-5.402,1,0.269,0.00263,0.0,0.159,0.508,181.982," Woo, woo, woo, woo Woo, woo, woo, woo  Dance with my dogs in the nighttime (Wroof) Trap nigga with the chickens like Popeyes (Popeyes) Money changin' colors like tie-dye (Tie-dye) I'm just tryna get it, I ain't tryna die (No) She got a big ol' onion booty, make the world cry (Cry) In the kitchen, wrist twistin' like it's stir fry (Whip it) Hold them bands down (Hey), hold your mans down (Hey) Who told you come around? (Who?) This that trap sound (Trap) Designer clothes (Clothes), fashion shows (Shows) Trap house (House) made of gold (Gold) Control the bag now (Control it), no need to brag now (No need) Ayy, put the mask down (Mask), we livin' fast now (Fast) Finest hoes (Finest), wrist froze (Ho) We can  go (We can) coast to coast (Coast)  Keep watchin' me whip up Still be real and famous, yeah Dance with my dogs in the nighttime (Woo, woo, woo, wroof) In the kitchen, wrist twistin' like it's stir fry (Whip it) In the kitchen, wrist twistin' like it's stir fry (Whip it) In the kitchen, wrist twistin' like it's stir fry (Whip it) In the kitchen, wrist twistin' like it's stir fry (Whip it)"
2G7V7zsVDxg1yRsu7Ew9RJ,Drake,In My Feelings,217925,0.835,0.626,1,-5.833,1,0.125,0.0589,6e-05,0.396,0.35,91.03," Trap, TrapMoneyBenny This shit got me in my feelings Gotta be real with it, yeah  Kiki, do you love me? Are you riding? Say you'll never ever leave from beside me 'Cause I want ya, and I need ya And I'm down for you always KB, do you love me? Are you riding? Say you'll never ever leave from beside me 'Cause I want ya, and I need ya And I'm down for you always  Look, the new me is really still the real me I swear you gotta feel me before they try and kill me They gotta make some choices, they runnin' out of options 'Cause I've been goin' off and they don't know when it's stoppin' And when you get to toppin', I see that you've been learnin' And when I take you shoppin', you spend it like you earned it And when you popped off on your ex he deserved it I thought you were the one from the jump, that confirmed it TrapMoneyBenny, ayy I buy you Champagne but you love some Henny From the block like you Jenny I know you special, girl, 'cause I know too many"
48zFZh27QU5qsrBjn4C2FA,Ozuna,Vaina Loca,176133,0.754,0.805,6,-4.249,1,0.0752,0.315,0.0,0.203,0.555,93.982,"  (Jeje, woah-oh; Au-Aura, jaja) No va a ser tan fácil (Fácil, fácil) Aunque me esquives, comoquiera Tras de ti, voy tras de ti (¡Ti, yeah!) Tú tienes todo lo que quiero para mí  Y tú tan sola por ahí Detrás de ti voy a seguir Yo sé que lo bueno toma tiempo, lady [Coro: Ozuna &  Manuel Turizo ] Es que me gustas tú na' más No me importan las demás Una vaina loca que me da Que por más que intento no se va Me gustas tú na' más No me importan las demás Una vaina loca que me da Que por más que intento no se va  Me gustas tú na' má', no sé disimular La música que hago solo en ti me hace pensar (¡Woh, oh!) Única, una rosa; yo me la quiero robar (Baby) Sencilla, bonita; no se tiene que maquillar Me mata el piquete, baila duro y le mete Con nadie se compromete y meno' si tú le promete' Tiene lo que quiero (Woh); me tira', que yo le llego (Yeah, eh) No sé disimular, bailo contigo y yo me entrego Me mata el piquete, baila duro y le mete Con nadie se compromete y meno' si tú le promete' Tiene lo que quiero (Woh); me tira', que yo le llego (Yeah, eh) No sé disimular, bailo contigo y yo me entrego"
6n4U3TlzUGhdSFbUUhTvLP,Migos,Walk It Talk It,276147,0.907,0.633,2,-5.145,1,0.184,0.0876,2.6e-06,0.106,0.395,145.914," Yeah, yeah ( Deko ) Woah, hold on ( OG Parker ) Uh  Walk it like I talk it (Walk it) Walk it like I talk it Walk it, walk it like I talk it (Woo) Walk it like I talk it (Yeah) Walk it like I talk it (Walk it) Walk it like I talk it Walk it, walk it like I talk it (Woo) Walk it like I talk it (Hey) Walk it like I talk it (Walk it) Walk it like I talk it (Walk it) Walk it like I talk it Walk it, walk it like I talk it (Woo) Walk it like I talk it (Talk it) Walk it like I talk it (Ayy) Walk it like I talk it (Woo) Walk it, walk it like I talk it (Yeah)  Take my shoes and walk a mile Somethin' that you can't do (Woo, hey) Big talks of the town, big boy gang moves (Gang moves) I like to walk around wit' my chain loose (Chain, chain) She just bought a new ass but got the same boobs (Same boobs) Whippin' up dope, scientist (Whip it up, whip it up, cook it up, cook it up, skrr, skrr) That's my sauce, where you find it? (That's my sauce, look it up, look it up, find it) Addin' up checks, no minus (Add it up, add it up, add it up, add it up, yeah) Get your respect in diamonds (Ice, ice, ice, ice, ice, ice) I bought a Plain Jane Rollie , these niggas bought they fame (Woo) I think my back got scoliosis 'cause I swerve the lane (Skrr) Heard you signed your life for that brand new chain (I heard) Think it came with stripes but you ain't straight with the gang (Gang, gang)"
7y9iMe8SOB6z3NoHE2OfXl,Halsey,Bad At Love,181279,0.675,0.751,0,-3.539,1,0.0296,0.0604,0.0,0.0893,0.612,118.384," Got a boy back home in Michigan And he tastes like Jack when I'm kissin' him So I told him that I never really liked his friends Now he's gone and he's callin' me a bitch again There's a guy that lives in the Garden State And he told me that we'd make it 'til we graduate So I told him that the music would be worth the wait But he wants me in the kitchen with a dinner plate  I believe, I believe, I believe, I believe that we're meant to be But jealousy, jealousy, jealousy, jealousy get the best of me Look, I don't mean to frustrate, but I Always make the same mistakes, yeah Always make the same mistakes 'cause  I'm bad at love (Ooh-ooh) But you can't blame me for tryin' You know I'd be lyin' sayin' You were the one (Ooh-ooh) That could finally fix me Lookin' at my history I'm bad at love"
6CTWathupIiDs7U4InHnDA,Ella Mai,Trip,213993,0.477,0.61,11,-5.628,0,0.144,0.225,0.0,0.107,0.358,79.882," Ooh, yeah, yeah  I put my feelings on safety So I don't go shootin' where your heart be 'Cause you take the bullet tryna save me Then I'm left to deal with makin' you bleed  And that's a whole lotta love, ain't tryna waste it Like we be runnin' a mile to never make it That's just too bitter for worse, don't wanna taste it That's just too bitter for worse, don't wanna face it  But I think that I'm done trippin', I'm trip-trippin' I've been sippin', that's how I control This feelin', you keep givin' You keep on hittin' it, ooh, oh Maybe it's your love, it's too good to be true Baby boy, your love, got me trippin' on you You know your love is big enough, make me trip up on you Yeah, it's big enough, got me trippin' on you, trip-trippin' on you  My bad, my bad for, trippin' on you (Trippin' on you) My bad, my bad for, trippin' on you (Trippin' on you)"
4eWQlBRaTjPPUlzacqEeoQ,Camila Cabello,Never Be the Same,226973,0.637,0.713,0,-4.333,1,0.0747,0.181,0.000637,0.137,0.243,129.923," Somethin' must've gone wrong in my brain Got your chemicals all in my veins Feelin' all the highs, feelin' all the pain Let go of the wheel, that's the bullet lane Now I'm seein' red, not thinkin' straight Blurrin' all the lines, you intoxicate me  Just like nicotine, heroin, morphine Suddenly, I'm a fiend and you're all I need All I need Yeah, you're all I need  It's you, babe And I'm a sucker for the way that you move, babe And I could try to run, but it would be useless You're to blame Just one hit of you, I knew I'll never be the same It's you, babe And I'm a sucker for the way that you move, babe And I could try to run, but it would be useless You're to blame Just one hit of you, I knew I'll never ever, ever be the same"
2QZ7WLBE8h2y1Y5Fb8RYbH,Shawn Mendes,In My Blood,211360,0.622,0.712,5,-7.321,1,0.066,0.0573,0.0,0.13,0.487,140.025," Help me, it's like the walls are cavin' in Sometimes, I feel like givin' up But I just can't It isn't in my blood  Layin' on the bathroom floor, feelin' nothin' I'm overwhelmed and insecure, give me somethin' I could take to ease my mind slowly Just have a drink and you'll feel better Just take her home and you'll feel better Keep tellin' me that it gets better Does it ever?  Help me It's like the walls are cavin' in Sometimes, I feel like givin' up No medicine is strong enough Someone help me I'm crawlin' in my skin Sometimes, I feel like givin' up But I just can't  It isn't in my blood It isn't in my blood"
6wmAHw1szh5RCKSRjiXhPe,Charlie Puth,How Long,200853,0.845,0.561,1,-5.253,0,0.0778,0.211,3.49e-06,0.0383,0.811,109.974," Alright Whoa, oh, yeah  I'll admit, I was wrong, what else can I say, girl? Can't you blame my head and not my heart? I was drunk, I was gone, that don't make it right, but Promise there were no feelings involved, no  She said, ""Boy, tell me honestly Was it real or just for show?"" Yeah She said, ""Save your apologies” Baby, I just gotta know  How long has this been goin' on? You've been creepin' 'round on me While you're callin' me ""baby"" How long has this been goin' on? You've been actin' so shady (Shady) I've been feelin' it lately, baby  Ooh-ooh (Yeah) Ooh-ooh (Encore) Ooh-ooh, ooh"
4w8niZpiMy6qz1mntFA5uM,DJ Snake,Taki Taki,212500,0.842,0.801,8,-4.167,0,0.228,0.157,4.82e-06,0.0642,0.617,95.881,"  Wo-oh, oh-oh  Báilame como si fuera la última vez (Oh) Y enséñame ese pasito que no sé (Yeah-yeah) Un besito bien suavecito, bebé Taki taki, taki taki, ¡rumba! Wo-oh, oh-oh Hi Music Hi Flow  (Snake; jaja) Báilame como si fuera la última vez (Oh-oh) Y enséñame ese pasito que no sé (Oh-oh) Un besito bien suavecito, bebé Taki taki (Oh-oh) Taki taki (Yeah-yeah)  Taki taki, quiere un besito o un ñaqui Booty explota como Nagasaki (-aki) Prende los motores Kawasaki (Kawasaki) Que la disco está llena y llegaron los Anunnakis (Eh-eh) No le bajes  El booty sobresale de tu traje No trajo pantisito pa' que el nene no trabaje Es que yo me sé lo que ella cree que ella se sabe Cuenta que no quiere pero me tiene espionaje, eh-eh El booty sobresale de tu traje No trajo pantisito pa’ que el nene no trabaje Es que yo me sé lo que ella cree que ella se sabe Cuenta que no quiere pero me tiene espionaje, eh-eh"
7uzmGiiJyRfuViKKK3lVmR,Bazzi,Mine,131064,0.71,0.789,4,-3.874,1,0.0722,0.0161,2.77e-06,0.451,0.717,142.929," Huh, yeah, naw I just, had a lil' bit too much of Hennessy Just gotta tell you how I feel, look  You so fuckin' precious when you smile (Haha, yeah) Hit it from the back and drive you wild (Yeah-yeah) Girl, I lose myself up in those eye-eye-eye-eye-eyes (Haha) I just had to let you know you're mine (Mine, mine, mine)  Hands on your body, I don't wanna waste no time (Time, time, time) Feels like forever even if forever's tonight Just lay with me, waste this night away with me You're mine, I can't look away, I just gotta say  I'm so fucking happy you're alive (Haha, yeah) Swear to God, I'm down if you're down, all you gotta say is ""Right"" (Yeah-yeah) Girl, anything I can do just to make you feel alright Oh, oh, oh, oh, I just had to let you know you're fine Running circles 'round my mind Even when it's rainy, all you ever do is shine You on fire, you a star just like Mariah Man, this feel incredible, I'll turn you into a bride You're mine (Mine, mine, mine)"
2TXtN9MoV308Y0z1HvyTfV,Jason Aldean,You Make It Easy,193226,0.542,0.571,7,-5.299,1,0.028,0.156,0.0,0.101,0.506,131.877," Like a rainy Sunday mornin' Makes me wanna stay in bed twisted up all day long You're my inspiration, girl You take me places, put the words right into these songs  Stealin' kisses under cover, babe See forever when I see your face And I swear God made you for me  You make it easy lovin' up on you Make it easy with every little thing you do You're my sunshine in the darkest days My better half, my savin' grace You make me who I wanna be You make it easy  You took all my rough around the edges Never let it ruffle up your feathers, angel Yeah, I'm down for life, you got me wrapped around your finger And I like it just in case you can't tell  You make it easy lovin' up on you Make it easy with every little thing you do You're my sunshine in the darkest days My better half, my savin' grace You make me who I wanna be You make it easy"
1cS0TgbR263ey9jn0MwD2s,Eminem,River,221013,0.748,0.749,8,-5.916,0,0.516,0.142,0.0,0.0713,0.659,90.09," I've been a liar, been a thief Been a lover, been a cheat All my sins need holy water, feel it washing over me Well, little one, I don't want to admit to something If all it's gonna cause is pain Truth and my lies right now are falling like the rain So let the river run  He's comin' home with his neck scratched, to catch flack Sweat jackets and dress slacks, mismatched On his breath's Jack, he's a sex addict And she just wants to exact revenge and get back It's a chess match, she's on his back like a jet-pack She's kept track of all his Internet chats And guess who just happens to be movin' on to the next Actually, just shit on my last chick and she has what my ex lacks 'Cause she loves danger, psychopath And you don't fuck with no man's girl, even I know that But she's devised some plan to stab him in the back Knife in hand, says their relationship's hangin' by a strand So she's been on the web lately Says maybe she'll be my Gwen Stacy, to spite her man And I know she's using me to try to play him, I don't care Hi Suzanne, but I shoulda said ""Bye Suzanne"" After the first night, but tonight I am"
4ggiDYAkJ7Yk8d5xOr7Xjo,Reik,Me Niego,221653,0.777,0.782,0,-4.435,0,0.0907,0.0505,0.0,0.64,0.773,94.023," [Verso 1: Reik,  Ozuna ] Es difícil abrir mis ojos y ya no verte Tu olor en la cama aún sigue intacto ( oh-oh-oh ) Te he buscado en mis sueños deseando tenerte Y no encuentro tu rostro por más que trato  Aún quedan tus retratos En cada rincón de la casa Y el silencio me habla de ti Es que sobra tanto espacio Desde que no estás (oh-oh) Daría todo lo que hoy me queda por tenerte Por que vuelvas [Coro: Ozuna,  Reik ] Es que me niego a perderte ( a perderte ) A más nunca verte ( nunca verte ) Me niego a aceptar Que lo nuestro ya se acabó Y es que me niego a perderte A más nunca verte Me niego a aceptar Que lo nuestro ya se acabó (que lo nuestro ya se acabó, Ozuna)"
2RiBogNRfulkNf7fVbPOrJ,Vance Joy,Saturday Sun,214720,0.637,0.864,8,-4.381,1,0.0468,0.484,0.0,0.222,0.706,99.995," Oh, Saturday Sun I met someone Out on the West Coast I gotta get back, I can't let this go Oh, Saturday Sun I met someone Don't care what it costs No ray of sunlight's ever lost  So tired of sleepin' alone So tired of eatin' alone I need to ask her what's goin' on Are we goin' strong? She felt like resting her head My shoulder was the perfect height We fit so right, so what's goin' on? 'Cause I've been undone  The long drive, the coastline Lookin' out at first light Am I still on her mind? I've been undone"
6lOWoTqVnAWXchddtTH31W,Tom Walker,Leave a Light On,185863,0.586,0.624,5,-5.946,1,0.113,0.0153,1.78e-06,0.133,0.267,68.976," The second someone mentioned you were all alone I could feel the trouble coursin' through your veins Now I know it's got a hold Just a phone call left unanswered had me sparkin' up These cigarettes won't stop me wonderin' where you are Don't let go, keep a hold  If you look into the distance, there's a house upon the hill Guidin' like a lighthouse To a place where you'll be safe to feel our grace 'Cause we've all made mistakes If you've lost your way  I will leave the light on I will leave the light on I will leave the light on I will leave the light on  Tell me what's been happenin', what's been on your mind Lately, you've been searchin' for a darker place to hide That's alright But if you carry on abusing, you'll be robbed from us I refuse to lose another friend to drugs Just come home, don't let go"
5CLGzJsGqhCEECcpnFQA8x,Rudimental,These Days,210772,0.653,0.809,0,-4.057,1,0.0474,0.194,0.0,0.165,0.55,92.213," I know you moved onto someone new Hope life is beautiful You were the light for me to find my truth I just wanna say, thank you  Leaving to find my soul Told her I had to go And I know it ain't pretty When our hearts get broke Too young to feel this old Watching us both turn cold Oh, I know it ain't pretty When two hearts get broke Yeah, I know it ain't pretty When two hearts get broke  I hope someday we'll sit down together And laugh with each other about these days, these days All our troubles, we'll lay to rest and We'll wish we could come back to these days, these days  Oh, I know, I know Oh, I know, I know Oh, I know, I know These days, these days Oh, I know, I know Oh, I know, I know Oh, I know, I know These days, these days"
6KBYefIoo7KydImq1uUQlL,Cardi B,Bodak Yellow,223712,0.926,0.703,11,-6.337,0,0.103,0.0659,0.0,0.231,0.485,125.022," KSR It's Cardi, ayy Said I'm the shit, they can't fuck with me if they wanted to I don't gotta dance  Said lil' bitch, you can't fuck with me if you wanted to These expensive, these is red bottoms, these is bloody shoes Hit the store, I can get 'em both, I don't wanna choose And I'm quick, cut a nigga off, so don't get comfortable, look I don't dance now, I make money moves (Ayy, ayy) Say I don't gotta dance, I make money move If I see you and I don't speak, that means I don't fuck with you I'm a boss, you a worker, bitch, I make bloody moves  Now she say she gon' do what to who? Let's find out and see Cardi B, you know where I'm at, you know where I be You in the club just to party, I'm there, I get paid a fee I be in and out them banks so much, I know they're tired of me Honestly, don't give a fuck 'bout who ain't fond of me Dropped two mixtapes in six months What bitch working as hard as me? I don't bother with these hoes, don't let these hoes bother me They see pictures, they say, ""Goals,"" bitch, I'm who they tryna be Look, I might just chill in some BAPE I might just chill with your boo, I might just feel on your babe My pussy feel like a lake He wanna swim with his face, I'm like, ""Okay"" I'll let him get what he want, he buy me Yves Saint Laurent And the new whip, when I go fast as a horse I got the trunk in the front (Vroom, vroom) I'm the hottest in the street, know you prolly heard of me Got a bag and fixed my teeth, hope you hoes know it ain't cheap And I pay my mama bills, I ain't got no time to chill Think these hoes be mad at me, their baby father run a bill"
4NBTZtAt1F13VvlSKe6KTl,The Chainsmokers,This Feeling,197946,0.575,0.571,1,-7.906,1,0.0439,0.0558,0.0,0.0912,0.449,105.049," I'll tell you a story before it tells itself I'll lay out all my reasons, you'll say that I need help We all got expectations and sometimes they go wrong But no one listens to me, so I put it in this song  They tell me think with my head, not that thing in my chest They got their hands at my neck this time But you're the one that I want and if that's really so wrong Then they don't know what this feelin' is like  And I say yeah, yeah Yeah, yeah, yeah Yeah, yeah Yeah, yeah, yeah-eah  And I say yeah, yeah-eah Yeah, yeah, yeah-eah Yeah, yeah-eah Yeah, yeah, yeah-eah  I'll tell them a story, they'll sit and nod their heads I tell you all my secrets and you tell all your friends Hold on to your opinions and stand by what you said (Stand by what you said) In the end, it's my decision, so it's my fault when it ends"
6HJ34Zyw6bg8yGm28AxLXf,BlocBoy JB,Look Alive,181414,0.918,0.58,10,-7.501,1,0.322,0.00108,6.12e-05,0.106,0.611,139.977,"[Intro: Drake,  BlocBoy JB  &  Lil Juice ] Tay Keith, fuck these niggas up ! Yeah, yeah (Ooh) Yeah (Ooh) 6 God, BlocBoy, 6 God, BlocBoy (Ooh) ( Word ) 6 God, BlocBoy, 6 God, BlocBoy (Ooh) ( BlocBoy, 6 God ) Yeah ( Hey ) [Chorus: Drake &  BlocBoy JB ] 901 Shelby Drive, look alive, look alive ( 'Live ) Niggas came up on this side, now they on the other side  (Word, word, word) Oh well, fuck 'em, dawg, we gon' see how hard they ride ( Huh, fuck 'em ) I get racks to go outside and I split it with the guys ( Outside ) We up on the other side, niggas actin' like we tied I've been gone since, like, July, niggas actin' like I died They won't be expectin' shit when Capo go to slide ( Hah ) 'Cause I told them that we put that shit behind us but I lied ( Hah )  Ayy, ayy, look who I'm around, man If I fucked up, I'ma be downtown, man Fourth floor bound, man, that's if I get caught, man Pushed me to the edge, so it really ain't my mothafuckin' fault Man, I'm not to blame, man,  this fuckin' industry is cutthroat I'm not the same, man,   and I could let you check the tag now I'm rockin' name brand,   I'm only chasin' after bags now I got a game plan and I'm out here with the woo!"
5ZSl6gDoV6bPPxzmLeneV9,Jonas Blue,Rise,194407,0.687,0.785,1,-4.65,1,0.0333,0.327,0.0,0.203,0.655,106.046," We're gonna ri-ri-ri-ri-rise 'til we fall They say we got no no no no future at all They wanna ke-ke-keep us out, can't hold us down anymore We're gonna ri-ri-ri-ri-rise 'til we fall  When we hit the bottom, nothing gonna stop us Climb to the top with you-ou We could be the greatest, ones who never made it Yeah, I could be talking to you They tryna hate hate hate But we won't change, change anything at all, oh We're gonna ri-ri-ri-ri-rise 'til we fall  They think we're just dropouts Livin' at our moms' house Parents must be so proud They know it all No, they don't speak our language They say we're too savage, yeah No, no, we don't give a... anymore We're gonna ri-ri-ri-ri-rise 'til we fall We're gonna ri-ri-ri-ri-rise 'til we fall No, they don't speak our language They say we're too savage, yeah No, no, we don't give a... anymore"
4L9Ds4mpD3SuYoWwFUlv16,Florida Georgia Line,Simple,185200,0.362,0.882,3,-3.717,1,0.0973,0.0791,0.0,0.15,0.864,199.811," The way your fingers fit in mine It's five plus five, not rocket science This day in time, that's hard to find, it's true The road we're on ain't a traffic jam It's a Sunday drive on a piece of land It's paradise as long as I'm with you  It's like one, two, three Just as easy as can be Just the way you look at me, you make me smile Ain't no need to complicate it We both know that's overrated We've been there, it's safe to say it ain't our style It's just that simple, S-I-M-P-L-E Simple as can be It's just that simple, S-I-M-P-L-E Simple as can be  We used to live on Instagram Worry 'bout who all gives a damn 'Bout where we've been and where we ended up Then I met you and you met me And all the rest is history An epiphany that all we need is us"
42fw0rxRO2xbesF6mJfd4Y,Dan + Shay,Tequila,196746,0.489,0.581,11,-5.731,1,0.0281,0.0312,0.0,0.132,0.494,86.016,"[Verse 1: Shay,  with Dan ] I can still shut down a party I can hang with anybody I can drink whiskey and red wine Champagne all night Little Scotch on the rocks and I'm fine, I'm fine [Chorus: Dan + Shay ,  Dan ] But when I taste tequila Baby, I still see ya Cuttin' up the floor in a sorority T-shirt The same one you wore when we were Sky high in Colorado, your lips pressed against the bottle Swearing on a Bible, baby, I'd never leave ya I remember how bad I need ya When I taste tequila ( When I, when I, when I ) When I taste tequila ( When I, when I, when I ) [Verse 2: Shay,  with Dan ] I can kiss somebody brand new And not even think about you I can show up to the same bar Hear the same songs in my car Baby, your memory, it only hits me this hard [Chorus: Dan + Shay ,  Dan ] When I taste tequila Baby, I still see ya Cuttin' up the floor in a sorority T-shirt The same one you wore when we were Sky high in Colorado, your lips pressed against the bottle Swearing on a Bible, baby, I'd never leave ya I remember how bad I need ya (Need ya) When I taste tequila ( When I, when I, when I ) When I taste tequila ( When I, when I, when I )"
1LhMopPAallLeaeNutqbgS,Justin Timberlake,Say Something,278893,0.707,0.632,10,-7.031,1,0.0789,0.103,1.09e-05,0.0841,0.372,97.04," Mhmm, yeah, alright Ooh  Everyone knows all about my direction And in my heart somewhere I wanna go there Still, I don't go there  Everybody says, ""Say something"" Then, ""Say something, say something"" Then, ""Say something, say something"" Then, ""Say something"" I don't want to get caught up in the rhythm of it  But I can't help myself, no, I can't help myself, no, no Caught up in the middle of it No, I can't help myself, no, I can't help myself, no, no, no Caught up in the rhythm of it [Post-Chorus: Justin Timberlake &  Chris Stapleton ] Maybe I'm looking for something I can't have ( Maybe I'm looking for something I can't have ) Maybe I'm looking for something I can't have"
6dbSBQXCctYSVryynHXaZ4,Lil Dicky,Freaky Friday,216631,0.755,0.599,8,-5.042,1,0.224,0.147,0.0,0.109,0.755,133.123," Lil Dicky, ooh, oh ( Mustard on the beat, ho )  I woke up Chris Breezy Oh my god, I'm the man (Oh, shit) I'm so fly and I can dance (Woah, woah, shit) There's tattoos on my neck (Oh, oh) I just FaceTimed Kanye (Brr-brr) I told him I'm his biggest fan, yeah (Yeah) Got all these hoes in my DM (Yeah, I do) Hol' up, holy shit, I got a kid (Oh) Oh, I can sing so well Wonder if I can say the n-word (Wait for real?) Wait, can I really say the n-word? What up, my nigga? (Woo) What up, my nigga? Big ups, my nigga, we up, my nigga You pussy-ass nigga, man, fuck y'all niggas 'Cause I'm that nigga, nigga, nigga, nigga I'm that nigga (Oh)  I woke up in Chris Brown's body (Oh yeah) Somehow this shit turned into Freaky Friday (Oh) But we got no choice but to turn this bitch sideways (Oh yeah, oh yeah) I can't believe that it's Freaky Friday (Oh yeah, yeah) Yeah, it's Freaky Friday (Oh yeah, yeah) I'm in Chris Brown's body I drive his Ferrari and I'm light-skinned Black"
5IaHrVsrferBYDm0bDyABy,Tyga,Taste,232959,0.884,0.559,0,-7.442,1,0.12,0.0236,0.0,0.101,0.342,97.994," D.A . Hah  Slide on it pimp game with my pinky ring Lotta gang, lotta bitches, and a icy chain Why you claim that you rich? That's a false claim I be straight to the whip, no baggage claim Whole lotta styles, can't even pronounce the name You ain't got no style, see you on my Instagram I be rockin' it like it's fresh out the pan Only when I'm takin' pics, I'm the middleman Walk, talk it like a boss, I just lift a hand Three million cash, call me Rain Man Money like a shower, that's my rain dance And we all in black, like it's Gangland Say the wrong words, you be hangman Watch me stick to your bitch like a spray tan Aw, Mr. What-Kind-of-Car-He-In? And the city love my name, nigga, I ain't gotta say it  (Taste, taste), she can get a taste (Taste, taste), she can get a taste (Taste, taste), fuck what a nigga say It's all the same like Mary-Kate (Taste, taste), she can get a taste (Taste, taste), let you get a taste (Taste, taste), do you love the taste? Yeah, that's cool, but he ain't like me"
1ZAyjvIk9YiD76yYy0TEG6,Rich The Kid,Plug Walk,175229,0.876,0.519,11,-6.531,1,0.143,0.202,0.0,0.108,0.158,94.981," Ayy, ayy ( TheLabCook )  Plug walk (Plug walk, plug, plug) I don't even understand how the fuck my plug talk (Huh? what, what?) Pick him up in a space coupe, I don't let my plug walk (Skrrt, pull up in a space coupe) New freak, had to cut my other lil' bitch off (Ooh, ooh, lil' bitch) 50K, you could come and book a nigga for a plug walk  You can't reach me (What?) Space coupe like E.T. (E.T.) It's the plug tryna call me (Skrrt, skrrt) I was up trappin' early in the morning (Plug) Ooh, on the wave like a durag (Durag) Pussy nigga callin' for his boo back (Pussy) Plug walk, Gucci on my shoe racks (Gucci) Walk up in the house, where the stove at? (Hit a rat-a-tat) 'Til I ran into the plug ('til I ran into)   'til I ran into the mud (To the mud) I done ran into some racks, I done ran into your girl ( 'to your girl) Why the plug show me love? (Show me love) I done came up from a dub (Huh?)"
1lsBTdE6MGsKeZCD6llNu7,Charlie Puth,Done for Me,180493,0.856,0.632,6,-3.692,0,0.074,0.193,0.0,0.0688,0.697,112.009," Ooh-ooh, ooh-ooh-ooh Oh, oh-oh, yeah  What you thinkin'? You think that you could be better off with somebody new (No, oh, oh, baby, no) You say you're leavin' Well, if you wanna leave, there ain't nobody stoppin' you (No, oh, oh, baby, no)  I won't beg for your love Won't say, ""Please"" I won't fall to the ground on my knees You know I've given this everything Baby, honestly Baby, honestly  I lie for you, baby Die for you, baby Cry for you, baby But tell me what you've done for me For you, baby And only you, baby The things I do, baby But tell me what you've done for me"
2Yl4OmDby9iitgNWZPwxkd,Cardi B,Be Careful,210787,0.82,0.568,6,-8.23,0,0.411,0.0256,0.0,0.0952,0.535,152.279," Yeah Care for me, care for me, care for me, uh Yeah, look  I wanna get married, like the Currys, Steph and Ayesha shit But we more like  Belly —Tommy and Keisha shit Gave you TLC, you wanna creep and shit Poured out my whole heart to a piece of shit Man, I thought you would've learned your lesson 'Bout likin' pictures, not returnin' texts I guess it's fine, man, I get the message You still stutter after certain questions You keep in contact with certain exes Do you, though, trust me, nigga, it's cool, though Said that you was workin', but you out here chasin' culo And putas, chillin' poolside, livin' two lives I could've did what you did to me to you a few times But if I did decide to slide, find a nigga Fuck him, suck his dick, you would've been pissed But that's not my M.O., I'm not that type of bitch And karma for you is gon' be who you end up with You make me sick, nigga  The only man, baby, I adore I gave you everything, what's mine is yours I want you to live your life of course But I hope you get what you dyin' for Be careful with me, do you know what you doin'? Whose feelings that you're hurtin' and bruisin'? You gon' gain the whole world But is it worth the girl that you're losin'? Be careful with me Yeah, it's not a threat, it's a warnin' Be careful with me Yeah, my heart is like a package with a fragile label on it Be careful with me"
6kPJZM97LwdG9QIsT7khp6,Clean Bandit,Solo,222653,0.737,0.636,11,-4.546,0,0.0437,0.0441,6.66e-05,0.35,0.565,105.005,"[Intro:  KAMILLE ] It  solo, solo, everybody It solo, e-e-e-everybody It solo, solo, everybody (Woop, woop, woop, woop, woop, woop, woop) [Verse 1: Demi Lovato &  K AMILLE ] I never meant to leave you hurtin' I never meant to do the worst thing Not to you ( It solo, solo, everybody ) 'Cause every time I read your message I wish I wasn't one of your exes Now I'm the fool ( It solo, solo, everybody )  Since you've been gone I've been dancin' on my own There's boys up in my zone But they can't turn me on 'Cause, baby, you're The only one I'm comin' for I can't take no more No more, no more  I wanna f— (Woop, woop, woop), but I'm brokenhearted Cry-cry-cry, but I like to party Tou-tou-touch, but I got nobody Here on my own I wanna f— (Woop, woop, woop), but I'm brokenhearted Cry-cry-cry since the day we parted Tou-tou-touch, but I got nobody So I do it solo"
0CZ8lquoTX2Dkg7Ak2inwA,King Princess,1950,225133,0.6,0.535,4,-7.043,1,0.107,0.648,4.7e-06,0.162,0.269,71.912," I hate it when dudes try to chase me But I love it when you try to save me ‘Cause I'm just a lady  (Ah) I love it when we play 1950 It's so cold that your stare's 'bout to kill me I'm surprised when you kiss me  So tell me why my Gods look like you And tell me why it's wrong  So I'll wait for you, I'll pray I will keep on waiting for your love For you, I'll wait I will keep on waiting for your  Did you mean it when you said I was pretty? That you didn't wanna live in a city Where the people are shitty? I like it when we play 1950 So bold, make them know that you're with me Stone cold, will you miss me?"
0b9oOr2ZgvyQu88wzixux9,Childish Gambino,This Is America,225773,0.854,0.463,5,-6.159,1,0.137,0.117,0.0,0.354,0.549,120.024," Yeah, yeah, yeah, yeah, yeah Yeah, yeah, yeah, go, go away Yeah, yeah, yeah, yeah, yeah Yeah, yeah, yeah, go, go away Yeah, yeah, yeah, yeah, yeah Yeah, yeah, yeah, go, go away Yeah, yeah, yeah, yeah, yeah Yeah, yeah, yeah, go, go away [Bridge: Childish Gambino &  Young Thug ] We just wanna party Party just for you We just want the money Money just for you ( Yeah ) I know you wanna party Party just for free Girl, you got me dancin' (Girl, you got me dancin') Dance and shake the frame ( Yeah ) We just wanna party ( Yeah ) Party just for you ( Yeah ) We just want the money ( Yeah ) Money just for you ( You ) I know you wanna party ( Yeah ) Party just for free ( Yeah ) Girl, you got me dancin' (Girl, you got me dancin',  yeah ) Dance and shake the frame ( Ooh )"
43VXG87ajppI8mO1Mxo8vu,6ix9ine,FEFE,179404,0.93,0.383,1,-9.34,1,0.409,0.0896,0.0,0.119,0.385,125.967,"[Intro: 6ix9ine,  Nicki Minaj  &  Baka Not Nice ] It's fuckin' TR3YWAY King of New York, lookin' for the Queen Uh,  you got the right one, hmm L-let these, let these b-b-bitches know, nigga Queens, Brooklyn, brrr , ah Murda on the beat so it's not nice  Pussy got that wet, wet, got that drip, drip Got that super soaker, hit that She a Fefe, her name Keke She eat my dick like it's free, free I don't even know like, ""Why I did that?"" I don't even know like, ""Why I hit that?"" All I know is that I just can't wife that Talk to her nice so she won't fight back Turn around and hit it from the back, back, back Bend her down then I make it clap, clap, clap  I don't really want no friends I don't really want no friends, no  Draco got that kick-back when I blow that, they all do track They don't shoot back, one shot, close range, red dot Head tight, yeah, I did that, yeah, I live that Call a Uber with my shooter, with a Ruger, we gon' do ya Niggas say they killin' people, but I really fuckin' do it"
514rhnksEwHUh6LxXsQ4Y9,Selena Gomez,Back To You,210240,0.6,0.683,6,-6.271,1,0.0493,0.0984,1.26e-06,0.11,0.494,102.036," Took you like a shot Thought that I could chase you with the cold evenin' Let a couple years water down how I’m feelin' about you ( Feelin' about you ) And every time we talk Every single word builds up to this moment And I gotta convince myself I don’t want it even though I do ( Even though I do )  You could break my heart in two But when it heals, it beats for you I know it's forward, but it's true  I wanna hold you when I'm not supposed to When I'm lyin' close to someone else You're stuck in my head and I can't get you out of it If I could do it all again, I know I’d go back to you  I know I’d go back to you, oh I know I'd go back to you  We never got it right Playin’ and replayin' old conversations Overthinkin' every word and I hate it 'Cause it’s not me ( 'Cause it's not me, 'cause it's not me ) And what's the point in hidin'? Everybody knows, we got unfinished business And I'll regret it if I didn't say This isn't what it could be ( Isn't what it could be )"
4pfhgOylRLcBll5JjUsJZj,FINNEAS,Let's Fall in Love for the Night,190348,0.737,0.408,5,-7.941,1,0.104,0.802,0.0,0.171,0.374,127.918," Let's fall in love for the night And forget in the mornin' Play me a song that you like You can bet I'll know every line I'm the boy that your boy hoped that you would avoid Don't waste your eyes on jealous guys, fuck that noise I know better than to call you mine  You need a pick me up? I'll be there in twenty-five I like to  push my luck So take my hand, let's take a drive I've been livin' in the future Hopin' I might see you sooner I want you riding shotgun I knew when I got one right  Let's fall in love for the night And forget in the mornin' Play me a song that you like You can bet I'll know every line I'm the boy that your boy hoped that you would avoid Don't waste your eyes on jealous guys, fuck that noise I know better than to call you mine"
0At2qAoaVjIwWNAqrscXli,Ella Mai,Boo'd Up,256063,0.561,0.779,10,-5.107,0,0.0531,0.0862,0.0,0.078,0.235,81.965," Yeah yeah, yeah yeah  Feelings, so deep in my feelings No, this ain't really like me Can't control my anxiety Feeling, like I'm touching the ceiling When I'm with you, I can't breathe Boy, you do something to me  Ooh, no, I'll never get over you until I find something new That get me high like you do, yeah, yeah Ooh, no, I'll never get over you until I find something new That get me high like you do  Listen to my heart go ba-do, boo'd up Biddy-da-do, boo'd up Hear my heart go ba-do, boo'd up Biddy-da-do, it just won't stop, it go Ba-do, boo'd up Biddy-da-do, boo'd up Hear my heart go ba-do, boo'd up Biddy-da-do, it just won't stop, it go"
4QtiVmuA88tPQiCOHZuQ5b,Sofía Reyes,"1, 2, 3",201526,0.792,0.895,1,-3.112,0,0.0589,0.165,0.0,0.0501,0.794,94.968," [Intro: Jason Derulo &  De La Ghetto ] Hmm Sofía, feature his dear ¡De La! [Verso 1: Sofía Reyes &  De La Ghetto ] Oh, baby, I'm thinkin' maybe That you were always a piece of sh... You're rubbin' your dirt on everyone's skirt You know how to be a d- ¿D-dónde están tus modales? ¿Que no aprendiste ni a saludar? (Ja-ja-ja) Parece que hoy me gustas un poco más ( Okay )  Hola, comment allez, allez-vous? So nice to meet ya You say we should go and get a room, mm (No)  If you wanna turn it on Go, get a lightbulb, después hablamos (Woo) If you wanna turn it on Go, get a lighter, después bailamos"
3qN5qMTKyEEmiTZD38BNTT,Drake,I'm Upset,214466,0.899,0.586,11,-7.866,0,0.343,0.279,0.0,0.0836,0.492,150.002," Yeah I'm working on dying  I'm upset Fifty thousand on my head, it's disrespect So offended that I had to double check I'ma always take the money over sex That's why they need me out the way, what you expect?  Got a lot of blood and it's cold They keep tryna get me for my soul Thankful for the women that I know Can't go fifty-fifty with no ho Every month I'm supposed to pay her bills and get her what she want I still got like seven years of doin' what I want My dad still got child support from 1991 (One, one, one) Outta town, people love to pop a lot of shit then come around Word to Flacko Jodye, he done seen us put it down Niggas askin' if I'm cool  I'm upset ('Set, 'set) Hunnid thousand on my head, it's disrespect (Disrespect) So offended that I had to double check"
0Ult84lvFuqNvbyXwyRQ58,Clean Bandit,I Miss You,205986,0.693,0.624,0,-7.482,0,0.0448,0.299,7.64e-06,0.0955,0.369,105.002," I know you're out in Cabo Hanging with your brother Wishin' that I was your bottle So I could be close to your lips again I know you didn't call your parents And tell 'em that we ended 'Cause you know that they'd be offended Did you not want to tell 'em it's the end?  And I know we're not supposed to talk But I'm getting ahead of myself I get scared when we're not 'Cause I'm scared you're with somebody else So, I guess that it's gone And I just keep lying to myself Oh, I can't believe it, I  I miss you, yeah, I miss you I miss you, yeah, I miss you, oh, I do I miss you, yeah, I miss you Though I'm tryin' not to right now  You weren't a fan of pictures So I hardly ever took 'em Got them saved in my mind from the bedroom So that way I can't forget your skin So I saved all the texts All of the best over the years Just to remind myself of how good it is, or was"
